"","names.NSDUH_2020."
"1","QUESTID2"
"2","filedate"
"3","cigever"
"4","cigofrsm"
"5","cigwilyr"
"6","cigtry"
"7","cigyfu"
"8","cigmfu"
"9","cigrec"
"10","CIG30USE"
"11","CG30EST"
"12","CIG30AV"
"13","CIG30BR2"
"14","CIG30TPE"
"15","CIG30MEN"
"16","CIG30MLN"
"17","CIG30RO2"
"18","cigdlymo"
"19","cigage"
"20","cigdlyfu"
"21","cigdlmfu"
"22","CIG100LF"
"23","smklssevr"
"24","smklsstry"
"25","smklssyfu"
"26","smklssmfu"
"27","smklssrec"
"28","SMKLSS30N"
"29","SMKLSS30E"
"30","cigarevr"
"31","cigartry"
"32","cigaryfu"
"33","cigarmfu"
"34","cigarrec"
"35","CGR30USE"
"36","CI30EST"
"37","CGR30BR2"
"38","pipever"
"39","PIPE30DY"
"40","alcever"
"41","alctry"
"42","alcyfu"
"43","alcmfu"
"44","alcrec"
"45","alcyrtot"
"46","altotfg"
"47","alfqflg"
"48","albstway"
"49","aldaypyr"
"50","aldaypmo"
"51","aldaypwk"
"52","alcdays"
"53","AL30EST"
"54","aldysfg"
"55","ALCUS30D"
"56","ALCBNG30D"
"57","mjever"
"58","mjage"
"59","mjyfu"
"60","mjmfu"
"61","mjrec"
"62","mjyrtot"
"63","mrtotfg"
"64","mjfqflg"
"65","mrbstway"
"66","mrdaypyr"
"67","mrdaypmo"
"68","mrdaypwk"
"69","MJDAY30A"
"70","MR30EST"
"71","cocever"
"72","cocage"
"73","cocyfu"
"74","cocmfu"
"75","cocrec"
"76","cocyrtot"
"77","cctotfg"
"78","ccfqflg"
"79","ccbstway"
"80","ccdaypyr"
"81","ccdaypmo"
"82","ccdaypwk"
"83","COCUS30A"
"84","CC30EST"
"85","crkever"
"86","crkage"
"87","crkyfu"
"88","crkmfu"
"89","crakrec"
"90","crkyrtot"
"91","crtotfg"
"92","crfqflg"
"93","crbstway"
"94","crdaypyr"
"95","crdaypmo"
"96","crdaypwk"
"97","CRKUS30A"
"98","CR30EST"
"99","herever"
"100","herage"
"101","heryfu"
"102","hermfu"
"103","herrec"
"104","heryrtot"
"105","hrtotfg"
"106","hrfqflg"
"107","hrbstway"
"108","hrdaypyr"
"109","hrdaypmo"
"110","hrdaypwk"
"111","HER30USE"
"112","HR30EST"
"113","lsd"
"114","pcp"
"115","peyote"
"116","mesc"
"117","psilcy"
"118","ecstmolly"
"119","ketminesk"
"120","dmtamtfxy"
"121","salviadiv"
"122","hallucoth"
"123","HALLUCOT1"
"124","HALLUCOT2"
"125","HALLUCOT3"
"126","HALLUCOT4"
"127","HALLUCOT5"
"128","hallucage"
"129","hallucevr"
"130","hallucyfu"
"131","hallucmfu"
"132","hallucrec"
"133","hallucyfq"
"134","haltotfg"
"135","halfqflg"
"136","halleaswy"
"137","halldysyr"
"138","halldypmo"
"139","halldypwk"
"140","HALLUC30N"
"141","HALLUC30E"
"142","lsdage"
"143","lsdyfu"
"144","lsdmfu"
"145","lsdrec"
"146","pcpage"
"147","pcpyfu"
"148","pcpmfu"
"149","pcprec"
"150","ecstmoage"
"151","ecstmoyfu"
"152","ecstmomfu"
"153","ecstmorec"
"154","ketminrec"
"155","damtfxrec"
"156","salviarec"
"157","amylnit"
"158","cleflu"
"159","gas"
"160","glue"
"161","ether"
"162","solvent"
"163","lgas"
"164","nitoxid"
"165","feltmarkr"
"166","sppaint"
"167","airduster"
"168","othaeros"
"169","inhaloth"
"170","INHALOT1"
"171","INHALOT2"
"172","INHALOT3"
"173","INHALOT4"
"174","INHALOT5"
"175","inhalever"
"176","inhalage"
"177","inhalyfu"
"178","inhalmfu"
"179","inhalrec"
"180","inhalyfq"
"181","inhtotfg"
"182","inhfqflg"
"183","inheaswy"
"184","inhdysyr"
"185","inhdypmo"
"186","inhdypwk"
"187","INHAL30N"
"188","INHAL30ES"
"189","methamevr"
"190","methamage"
"191","methamyfu"
"192","methammfu"
"193","methamrec"
"194","methamyfq"
"195","metotfg"
"196","mefqflg"
"197","metheaswy"
"198","methdysyr"
"199","methdypmo"
"200","methdypwk"
"201","METHAM30N"
"202","METHAM30E"
"203","oxcnanyyr"
"204","pnranylif"
"205","pnranyrec"
"206","trqanylif"
"207","trqanyrec"
"208","stmanylif"
"209","stmanyrec"
"210","sedanylif"
"211","sedanyrec"
"212","pnrnmlif"
"213","oxcnnmyr"
"214","oxcnnmage"
"215","oxcnnmyfu"
"216","oxcnnmmfu"
"217","pnrnmrec"
"218","pnrnminit"
"219","pnrnmage"
"220","pnrnmyfu"
"221","pnrnmmfu"
"222","PNRNM30D"
"223","PNRNM30FQ"
"224","PNRNM30ES"
"225","PNRNM30AL"
"226","pnrwynorx"
"227","pnrwygamt"
"228","pnrwyoftn"
"229","pnrwylngr"
"230","pnrwyotwy"
"231","PNRNMLAS1"
"232","pnrrspain"
"233","pnrrsrelx"
"234","pnrrsexpt"
"235","pnrrshigh"
"236","pnrrsslep"
"237","pnrrsemot"
"238","pnrrsdgfx"
"239","pnrrshook"
"240","pnrrssor"
"241","PNRRSOTRS2"
"242","pnrrsmain"
"243","pnrnorxfg"
"244","trqnmlif"
"245","trqnmrec"
"246","trqnminit"
"247","trqnmage"
"248","trqnmyfu"
"249","trqnmmfu"
"250","TRQNM30D"
"251","TRQNM30FQ"
"252","TRQNM30ES"
"253","TRQNM30AL"
"254","trqwynorx"
"255","trqwygamt"
"256","trqwyoftn"
"257","trqwylngr"
"258","trqwyotwy"
"259","TRQNMLAS1"
"260","trqrsrelx"
"261","trqrsexpt"
"262","trqrshigh"
"263","trqrsslep"
"264","trqrsemot"
"265","trqrsdgfx"
"266","trqrshook"
"267","trqrssor"
"268","TRQRSOTRS2"
"269","trqrsmain"
"270","trqnorxfg"
"271","stmnmlif"
"272","stmnmrec"
"273","stmnminit"
"274","stmnmage"
"275","stmnmyfu"
"276","stmnmmfu"
"277","STMNM30D"
"278","STMNM30FQ"
"279","STMNM30ES"
"280","STMNM30AL"
"281","stmwynorx"
"282","stmwygamt"
"283","stmwyoftn"
"284","stmwylngr"
"285","stmwyotwy"
"286","stmndlyr"
"287","stmndlrec"
"288","STMNMLAS1"
"289","stmrswght"
"290","stmrsconc"
"291","stmrsalrt"
"292","stmrsstdy"
"293","stmrsexpt"
"294","stmrshigh"
"295","stmrsdgfx"
"296","stmrshook"
"297","stmrssor"
"298","STMRSOTRS2"
"299","stmrsmain"
"300","stmnorxfg"
"301","sednmlif"
"302","sednmrec"
"303","sednminit"
"304","sednmage"
"305","sednmyfu"
"306","sednmmfu"
"307","SEDNM30D"
"308","SEDNM30FQ"
"309","SEDNM30ES"
"310","SEDNM30AL"
"311","sedwynorx"
"312","sedwygamt"
"313","sedwyoftn"
"314","sedwylngr"
"315","sedwyotwy"
"316","sednmlast"
"317","sedrsrelx"
"318","sedrsexpt"
"319","sedrshigh"
"320","sedrsslep"
"321","sedrsemot"
"322","sedrsdgfx"
"323","sedrshook"
"324","sedrssor"
"325","SEDRSOTRS2"
"326","sedrsmain"
"327","sednorxfg"
"328","ircigrc"
"329","iicigrc"
"330","II2CIGRC"
"331","ircgrrc"
"332","iicgrrc"
"333","II2CGRRC"
"334","irpiplf"
"335","iipiplf"
"336","irpipmn"
"337","iipipmn"
"338","irsmklssrec"
"339","iismklssrec"
"340","iralcrc"
"341","iialcrc"
"342","II2ALCRC"
"343","irmjrc"
"344","iimjrc"
"345","II2MJRC"
"346","ircocrc"
"347","iicocrc"
"348","II2COCRC"
"349","ircrkrc"
"350","iicrkrc"
"351","II2CRKRC"
"352","irherrc"
"353","iiherrc"
"354","II2HERRC"
"355","irhallucrec"
"356","iihallucrec"
"357","irlsdrc"
"358","iilsdrc"
"359","II2LSDRC"
"360","irpcprc"
"361","iipcprc"
"362","II2PCPRC"
"363","irecstmorec"
"364","iiecstmorec"
"365","irketminrec"
"366","iiketminrec"
"367","irdamtfxrec"
"368","iidamtfxrec"
"369","irsalviarec"
"370","iisalviarec"
"371","irinhalrec"
"372","iiinhalrec"
"373","irmethamrec"
"374","iimethamrec"
"375","irpnranyrec"
"376","iipnranyrec"
"377","iroxcnanyyr"
"378","iioxcnanyyr"
"379","irtrqanyrec"
"380","iitrqanyrec"
"381","irstmanyrec"
"382","iistmanyrec"
"383","irsedanyrec"
"384","iisedanyrec"
"385","irpnrnmrec"
"386","iipnrnmrec"
"387","iroxcnnmyr"
"388","iioxcnnmyr"
"389","irtrqnmrec"
"390","iitrqnmrec"
"391","irstmnmrec"
"392","iistmnmrec"
"393","irsednmrec"
"394","iisednmrec"
"395","iralcfy"
"396","iialcfy"
"397","II2ALCFY"
"398","irmjfy"
"399","iimjfy"
"400","II2MJFY"
"401","ircocfy"
"402","iicocfy"
"403","II2COCFY"
"404","ircrkfy"
"405","iicrkfy"
"406","II2CRKFY"
"407","irherfy"
"408","iiherfy"
"409","II2HERFY"
"410","irhallucyfq"
"411","iihallucyfq"
"412","irinhalyfq"
"413","iiinhalyfq"
"414","irmethamyfq"
"415","iimethamyfq"
"416","ircigfm"
"417","iicigfm"
"418","II2CIGFM"
"419","ircgrfm"
"420","iicgrfm"
"421","II2CGRFM"
"422","IRSMKLSS30N"
"423","IISMKLSS30N"
"424","iralcfm"
"425","iialcfm"
"426","II2ALCFM"
"427","IRALCBNG30D"
"428","IIALCBNG30D"
"429","irmjfm"
"430","iimjfm"
"431","II2MJFM"
"432","ircocfm"
"433","iicocfm"
"434","II2COCFM"
"435","ircrkfm"
"436","iicrkfm"
"437","II2CRKFM"
"438","irherfm"
"439","iiherfm"
"440","II2HERFM"
"441","IRHALLUC30N"
"442","IIHALLUC30N"
"443","IRINHAL30N"
"444","IIINHAL30N"
"445","IRMETHAM30N"
"446","IIMETHAM30N"
"447","IRPNRNM30FQ"
"448","IIPNRNM30FQ"
"449","IRTRQNM30FQ"
"450","IITRQNM30FQ"
"451","IRSTMNM30FQ"
"452","IISTMNM30FQ"
"453","IRSEDNM30FQ"
"454","IISEDNM30FQ"
"455","ircigage"
"456","iicigage"
"457","ircigyfu"
"458","iicigyfu"
"459","ircduage"
"460","iicduage"
"461","IRCD2YFU"
"462","IICD2YFU"
"463","ircgrage"
"464","iicgrage"
"465","ircgryfu"
"466","iicgryfu"
"467","irsmklsstry"
"468","iismklsstry"
"469","irsmklssyfu"
"470","iismklssyfu"
"471","iralcage"
"472","iialcage"
"473","iralcyfu"
"474","iialcyfu"
"475","irmjage"
"476","iimjage"
"477","irmjyfu"
"478","iimjyfu"
"479","ircocage"
"480","iicocage"
"481","ircocyfu"
"482","iicocyfu"
"483","ircrkage"
"484","iicrkage"
"485","ircrkyfu"
"486","iicrkyfu"
"487","irherage"
"488","iiherage"
"489","irheryfu"
"490","iiheryfu"
"491","irhallucage"
"492","iihallucage"
"493","irhallucyfu"
"494","iihallucyfu"
"495","irlsdage"
"496","iilsdage"
"497","irlsdyfu"
"498","iilsdyfu"
"499","irpcpage"
"500","iipcpage"
"501","irpcpyfu"
"502","iipcpyfu"
"503","irecstmoage"
"504","iiecstmoage"
"505","irecstmoyfu"
"506","iiecstmoyfu"
"507","irinhalage"
"508","iiinhalage"
"509","irinhalyfu"
"510","iiinhalyfu"
"511","irmethamage"
"512","iimethamage"
"513","irmethamyfu"
"514","iimethamyfu"
"515","irpnrnminit"
"516","iipnrnminit"
"517","irtrqnminit"
"518","iitrqnminit"
"519","irstmnminit"
"520","iistmnminit"
"521","irsednminit"
"522","iisednminit"
"523","irpnrnmyfu"
"524","iipnrnmyfu"
"525","irpnrnmage"
"526","iipnrnmage"
"527","irtrqnmyfu"
"528","iitrqnmyfu"
"529","irtrqnmage"
"530","iitrqnmage"
"531","irstmnmyfu"
"532","iistmnmyfu"
"533","irstmnmage"
"534","iistmnmage"
"535","irsednmyfu"
"536","iisednmyfu"
"537","irsednmage"
"538","iisednmage"
"539","cigflag"
"540","cigyr"
"541","cigmon"
"542","cgrflag"
"543","cgryr"
"544","cgrmon"
"545","pipflag"
"546","pipmon"
"547","smklssflag"
"548","smklssyr"
"549","smklssmon"
"550","tobcigonl"
"551","tobflag"
"552","tobyr"
"553","tobmon"
"554","alcflag"
"555","alcyr"
"556","alcmon"
"557","mrjflag"
"558","mrjyr"
"559","mrjmon"
"560","cocflag"
"561","cocyr"
"562","cocmon"
"563","crkflag"
"564","crkyr"
"565","crkmon"
"566","herflag"
"567","heryr"
"568","hermon"
"569","hallucflag"
"570","hallucyr"
"571","hallucmon"
"572","lsdflag"
"573","lsdyr"
"574","lsdmon"
"575","pcpflag"
"576","pcpyr"
"577","pcpmon"
"578","ecstmoflag"
"579","ecstmoyr"
"580","ecstmomon"
"581","damtfxflag"
"582","damtfxyr"
"583","damtfxmon"
"584","ketminflag"
"585","ketminyr"
"586","ketminmon"
"587","salviaflag"
"588","salviayr"
"589","salviamon"
"590","inhalflag"
"591","inhalyr"
"592","inhalmon"
"593","methamflag"
"594","methamyr"
"595","methammon"
"596","pnranyflag"
"597","pnranyyr"
"598","oxycnanyyr"
"599","trqanyflag"
"600","trqanyyr"
"601","stmanyflag"
"602","stmanyyr"
"603","sedanyflag"
"604","sedanyyr"
"605","tqsdanyflg"
"606","tqsdanyyr"
"607","psyanyflag"
"608","psyanyyr"
"609","pnrnmflag"
"610","pnrnmyr"
"611","pnrnmmon"
"612","oxycnnmyr"
"613","trqnmflag"
"614","trqnmyr"
"615","trqnmmon"
"616","stmnmflag"
"617","stmnmyr"
"618","stmnmmon"
"619","sednmflag"
"620","sednmyr"
"621","sednmmon"
"622","tqsdnmflag"
"623","tqsdnmyr"
"624","tqsdnmmon"
"625","psychflag"
"626","psychyr"
"627","psychmon"
"628","opinmyr"
"629","opinmmon"
"630","herpnryr"
"631","cnsnmyr"
"632","cnsnmmon"
"633","illflag"
"634","illyr"
"635","illmon"
"636","mjonlyflag"
"637","mjonlyyr"
"638","mjonlymon"
"639","illemflag"
"640","illemyr"
"641","illemmon"
"642","cduflag"
"643","dcigmon"
"644","cdcgmo"
"645","cdnocgmo"
"646","bngdrkmon"
"647","hvydrkmon"
"648","iltobalcfg"
"649","iltobalcyr"
"650","iltobalcmn"
"651","illalcmon"
"652","tobalcflg"
"653","tobalcyr"
"654","tobalcmn"
"655","illandalc"
"656","illoralc"
"657","illalcflg"
"658","PEYOTE2"
"659","MESC2"
"660","PSILCY2"
"661","AMYLNIT2"
"662","CLEFLU2"
"663","GAS2"
"664","GLUE2"
"665","ETHER2"
"666","SOLVENT2"
"667","LGAS2"
"668","NITOXID2"
"669","FELTMARKR2"
"670","SPPAINT2"
"671","AIRDUSTER2"
"672","OTHAEROS2"
"673","hydcpdapyu"
"674","ZOHYANYYR2"
"675","oxcopdapyu"
"676","trampdapyu"
"677","codepdapyu"
"678","morppdapyu"
"679","fentpdapyu"
"680","buprpdapyu"
"681","oxympdapyu"
"682","demepdapyu"
"683","hydmpdapyu"
"684","mtdnpdapyu"
"685","PNROTANYR2"
"686","trbenzapyu"
"687","alprpdapyu"
"688","lorapdapyu"
"689","clonpdapyu"
"690","diazpdapyu"
"691","musrlxapyu"
"692","cyclpdapyu"
"693","somapdapyu"
"694","TRQOTANYR2"
"695","ammepdapyu"
"696","amphetapyu"
"697","methpdapyu"
"698","anostmapyu"
"699","provpdapyu"
"700","STMOTANYR2"
"701","zolppdapyu"
"702","eszopdapyu"
"703","zalepdapyu"
"704","svbenzapyu"
"705","triapdapyu"
"706","temapdapyu"
"707","flurpdapyu"
"708","barbitapyu"
"709","SEDOTANYR2"
"710","benzosapyu"
"711","hydcpdpymu"
"712","oxcopdpymu"
"713","trampdpymu"
"714","codepdpymu"
"715","morppdpymu"
"716","fentpdpymu"
"717","buprpdpymu"
"718","oxympdpymu"
"719","demepdpymu"
"720","hydmpdpymu"
"721","mtdnpdpymu"
"722","PNROTHPYMU2"
"723","trbenzpymu"
"724","alprpdpymu"
"725","lorapdpymu"
"726","clonpdpymu"
"727","diazpdpymu"
"728","musrlxpymu"
"729","cyclpdpymu"
"730","somapdpymu"
"731","TRQOTHPYMU2"
"732","ammepdpymu"
"733","amphetpymu"
"734","methpdpymu"
"735","anostmpymu"
"736","provpdpymu"
"737","STMOTHPYMU2"
"738","zolppdpymu"
"739","eszopdpymu"
"740","svbenzpymu"
"741","SEDOTHPYMU2"
"742","benzospymu"
"743","alcydays"
"744","mrjydays"
"745","cocydays"
"746","crkydays"
"747","herydays"
"748","hallndayyr"
"749","inhndayyr"
"750","methndayyr"
"751","cigmdays"
"752","cgrmdays"
"753","smklsmdays"
"754","alcmdays"
"755","mrjmdays"
"756","cocmdays"
"757","crkmdays"
"758","hermdays"
"759","hallndaypm"
"760","inhndaypm"
"761","methndaypm"
"762","pnrndaypm"
"763","trqndaypm"
"764","stmndaypm"
"765","sedndaypm"
"766","bngdrmdays"
"767","cigpday"
"768","CIG1PACK"
"769","cigavgd"
"770","cigavgm"
"771","alcnumdkpm"
"772","FUCIG18"
"773","FUCIG21"
"774","FUCD218"
"775","FUCD221"
"776","FUCGR18"
"777","FUCGR21"
"778","FUSMKLSS18"
"779","FUSMKLSS21"
"780","FUALC18"
"781","FUALC21"
"782","FUMJ18"
"783","FUMJ21"
"784","FUCOC18"
"785","FUCOC21"
"786","FUCRK18"
"787","FUCRK21"
"788","FUHER18"
"789","FUHER21"
"790","FUHALLUC18"
"791","FUHALLUC21"
"792","FULSD18"
"793","FULSD21"
"794","FUPCP18"
"795","FUPCP21"
"796","FUECSTMO18"
"797","FUECSTMO21"
"798","FUINHAL18"
"799","FUINHAL21"
"800","FUMETHAM18"
"801","FUMETHAM21"
"802","FUPNRNM18"
"803","FUPNRNM21"
"804","FUTRQNM18"
"805","FUTRQNM21"
"806","FUSTMNM18"
"807","FUSTMNM21"
"808","FUSEDNM18"
"809","FUSEDNM21"
"810","pnrmainrsn"
"811","trqmainrsn"
"812","stmmainrsn"
"813","sedmainrsn"
"814","SRCPNRNM2"
"815","SRCTRQNM2"
"816","SRCSTMNM2"
"817","SRCSEDNM2"
"818","srcfrpnrnm"
"819","srcfrtrqnm"
"820","srcfrstmnm"
"821","srcfrsednm"
"822","srcclfrpnr"
"823","srcclfrtrq"
"824","srcclfrstm"
"825","srcclfrsed"
"826","coldmeds"
"827","coldrec"
"828","COLDYR1"
"829","COLDYR2"
"830","COLDYR3"
"831","COLDYR4"
"832","COLDYR5"
"833","otcflag"
"834","ghb"
"835","ghbrec"
"836","cocneedl"
"837","condlrec"
"838","hersmoke"
"839","hrsmkrec"
"840","hersniff"
"841","hrsnfrec"
"842","herneedl"
"843","heotsmk"
"844","heotsnf"
"845","heotndl"
"846","heototh"
"847","heotsp"
"848","hrndlrec"
"849","methneedl"
"850","methndlrc"
"851","otdgnedl"
"852","otdgndla"
"853","otdgndlb"
"854","otdgndlc"
"855","otdgndld"
"856","otdgndle"
"857","otdgndlrc"
"858","gnndreus"
"859","GNNDLSH1"
"860","gnndclen"
"861","GNNDLSH2"
"862","GNNDGET2"
"863","anyndlrec"
"864","chmndlrec"
"865","anyneedl"
"866","nedher"
"867","nedcoc"
"868","METHNEEDL2"
"869","HERSMOK2"
"870","HERSNIF2"
"871","coldflgr"
"872","coldyrr"
"873","coldmonr"
"874","ghbflgr"
"875","ghbyrr"
"876","ghbmonr"
"877","rskcigpkd"
"878","rskmrjmon"
"879","rskmrjwk"
"880","rsklsdtry"
"881","rsklsdwk"
"882","rskhertry"
"883","rskherwk"
"884","rskcocmon"
"885","rskcocwk"
"886","rskbngdly"
"887","rskbngwk"
"888","difgetmrj"
"889","difgetlsd"
"890","difgetcoc"
"891","difgetcrk"
"892","difgether"
"893","appdrgmon"
"894","rskyfqdgr"
"895","rskyfqtes"
"896","rkfqpblt"
"897","rkfqdblt"
"898","grskcigpkd"
"899","grskmrjmon"
"900","grskmrjwk"
"901","grskcocmon"
"902","grskcocwk"
"903","grskhertry"
"904","grskherwk"
"905","grsklsdtry"
"906","grsklsdwk"
"907","grskbngdly"
"908","grskbngwk"
"909","difobtmrj"
"910","difobtcoc"
"911","difobtcrk"
"912","difobther"
"913","difobtlsd"
"914","APPDRGMON2"
"915","blntever"
"916","blntage"
"917","blntyfu"
"918","blntmfu"
"919","blntrec"
"920","BLRECFL2"
"921","BLNT30DY"
"922","BLNT30C1"
"923","BLNT30C2"
"924","rsnomrj"
"925","rsnmrjmo"
"926","blntnomj"
"927","medmjyr"
"928","medmjall"
"929","MEDMJPA2"
"930","cigirtbl"
"931","cigcrave"
"932","cigcragp"
"933","ciginctl"
"934","cigavoid"
"935","cigfnsmk"
"936","cigfnlke"
"937","cigplane"
"938","cigrnout"
"939","cigregdy"
"940","cigregwk"
"941","cigregnm"
"942","cignmchg"
"943","cigsvlhr"
"944","ciginflu"
"945","cignoinf"
"946","cigincrs"
"947","cigsatis"
"948","ciglotmr"
"949","cigwake"
"950","alclottm"
"951","alcgtovr"
"952","alclimit"
"953","alckplmt"
"954","alcndmor"
"955","alclsefx"
"956","alccutdn"
"957","alccutev"
"958","ALCCUT1X"
"959","ALCWD2SX"
"960","alcwdsmt"
"961","alcemopb"
"962","alcemctd"
"963","alcphlpb"
"964","alcphctd"
"965","alclsact"
"966","alcserpb"
"967","alcpdang"
"968","alclawtr"
"969","alcfmfpb"
"970","alcfmctd"
"971","mrjlottm"
"972","mrjgtovr"
"973","mrjlimit"
"974","mrjkplmt"
"975","mrjndmor"
"976","mrjlsefx"
"977","mrjcutdn"
"978","mrjcutev"
"979","mrjemopb"
"980","mrjemctd"
"981","mrjphlpb"
"982","mrjphctd"
"983","mrjlsact"
"984","mrjserpb"
"985","mrjpdang"
"986","mrjlawtr"
"987","mrjfmfpb"
"988","mrjfmctd"
"989","coclottm"
"990","cocgtovr"
"991","coclimit"
"992","cockplmt"
"993","cocndmor"
"994","coclsefx"
"995","coccutdn"
"996","coccutev"
"997","COCCUT1X"
"998","cocflblu"
"999","COCWD2SX"
"1000","cocwdsmt"
"1001","cocemopb"
"1002","cocemctd"
"1003","cocphlpb"
"1004","cocphctd"
"1005","coclsact"
"1006","cocserpb"
"1007","cocpdang"
"1008","coclawtr"
"1009","cocfmfpb"
"1010","cocfmctd"
"1011","herlottm"
"1012","hergtovr"
"1013","herlimit"
"1014","herkplmt"
"1015","herndmor"
"1016","herlsefx"
"1017","hercutdn"
"1018","hercutev"
"1019","HERCUT1X"
"1020","HERWD3SX"
"1021","herwdsmt"
"1022","heremopb"
"1023","heremctd"
"1024","herphlpb"
"1025","herphctd"
"1026","herlsact"
"1027","herserpb"
"1028","herpdang"
"1029","herlawtr"
"1030","herfmfpb"
"1031","herfmctd"
"1032","halulottm"
"1033","halugtovr"
"1034","halulimit"
"1035","halukplmt"
"1036","halundmor"
"1037","halulsefx"
"1038","halucutdn"
"1039","halucutev"
"1040","haluemopb"
"1041","haluemctd"
"1042","haluphlpb"
"1043","haluphctd"
"1044","halulsact"
"1045","haluserpb"
"1046","halupdang"
"1047","halulawtr"
"1048","halufmfpb"
"1049","halufmctd"
"1050","inhllottm"
"1051","inhlgtovr"
"1052","inhllimit"
"1053","inhlkplmt"
"1054","inhlndmor"
"1055","inhllsefx"
"1056","inhlcutdn"
"1057","inhlcutev"
"1058","inhlemopb"
"1059","inhlemctd"
"1060","inhlphlpb"
"1061","inhlphctd"
"1062","inhllsact"
"1063","inhlserpb"
"1064","inhlpdang"
"1065","inhllawtr"
"1066","inhlfmfpb"
"1067","inhlfmctd"
"1068","methlottm"
"1069","methgtovr"
"1070","methlimit"
"1071","methkplmt"
"1072","methndmor"
"1073","methlsefx"
"1074","methcutdn"
"1075","methcutev"
"1076","METHCUT1X"
"1077","methflblu"
"1078","METHWD2SX"
"1079","methwdsmt"
"1080","methemopb"
"1081","methemctd"
"1082","methphlpb"
"1083","methphctd"
"1084","methlsact"
"1085","methserpb"
"1086","methpdang"
"1087","methlawtr"
"1088","methfmfpb"
"1089","methfmctd"
"1090","pnrllottm"
"1091","pnrlgtovr"
"1092","pnrllimit"
"1093","pnrlkplmt"
"1094","pnrlndmor"
"1095","pnrllsefx"
"1096","pnrlcutdn"
"1097","pnrlcutev"
"1098","PNRLCUT1X"
"1099","PNRLWD3SX"
"1100","pnrlwdsmt"
"1101","pnrlemopb"
"1102","pnrlemctd"
"1103","pnrlphlpb"
"1104","pnrlphctd"
"1105","pnrllsact"
"1106","pnrlserpb"
"1107","pnrlpdang"
"1108","pnrllawtr"
"1109","pnrlfmfpb"
"1110","pnrlfmctd"
"1111","trqllottm"
"1112","trqlgtovr"
"1113","trqllimit"
"1114","trqlkplmt"
"1115","trqlndmor"
"1116","trqllseft"
"1117","trqlcutdn"
"1118","trqlcutev"
"1119","trqlemopb"
"1120","trqlemctd"
"1121","trqlphlpb"
"1122","trqlphctd"
"1123","trqllsact"
"1124","trqlserpb"
"1125","trqlpdang"
"1126","trqllawtr"
"1127","trqlfmfpb"
"1128","trqlfmctd"
"1129","stimlottm"
"1130","stimgtovr"
"1131","stimlimit"
"1132","stimkplmt"
"1133","stimndmor"
"1134","stimlsefx"
"1135","stimcutdn"
"1136","stimcutev"
"1137","STIMCUT1X"
"1138","stimflblu"
"1139","STIMWD2SX"
"1140","stimwdsmt"
"1141","stimemopb"
"1142","stimemctd"
"1143","stimphlpb"
"1144","stimphctd"
"1145","stimlsact"
"1146","stimserpb"
"1147","stimpdang"
"1148","stimlawtr"
"1149","stimfmfpb"
"1150","stimfmctd"
"1151","sedvlottm"
"1152","sedvgtovr"
"1153","sedvlimit"
"1154","sedvkplmt"
"1155","sedvndmor"
"1156","sedvlsefx"
"1157","sedvcutdn"
"1158","sedvcutev"
"1159","SEDVCUT1X"
"1160","SEDVWD1SX"
"1161","sedvwdsmt"
"1162","sedvemopb"
"1163","sedvemctd"
"1164","sedvphlpb"
"1165","sedvphctd"
"1166","sedvlsact"
"1167","sedvserpb"
"1168","sedvpdang"
"1169","sedvlawtr"
"1170","sedvfmfpb"
"1171","sedvfmctd"
"1172","dependhal"
"1173","dependinh"
"1174","dependmth"
"1175","dependpnr"
"1176","dependtrq"
"1177","dependstm"
"1178","dependsed"
"1179","abuposhal"
"1180","abuposinh"
"1181","abuposmth"
"1182","abupospnr"
"1183","abupostrq"
"1184","abuposstm"
"1185","abupossed"
"1186","ircgirtb"
"1187","iicgirtb"
"1188","ircgcrv"
"1189","iicgcrv"
"1190","ircgcrgp"
"1191","iicgcrgp"
"1192","ircgnctl"
"1193","iicgnctl"
"1194","ircgavd"
"1195","iicgavd"
"1196","ircgpln"
"1197","iicgpln"
"1198","ircgrout"
"1199","iicgrout"
"1200","ircgrgdy"
"1201","iicgrgdy"
"1202","ircgrgwk"
"1203","iicgrgwk"
"1204","ircgrgnm"
"1205","iicgrgnm"
"1206","ircgncg"
"1207","iicgncg"
"1208","ircgslhr"
"1209","iicgslhr"
"1210","ircginfl"
"1211","iicginfl"
"1212","ircgninf"
"1213","iicgninf"
"1214","ircgincr"
"1215","iicgincr"
"1216","ircgsat"
"1217","iicgsat"
"1218","ircglmr"
"1219","iicglmr"
"1220","irdependhal"
"1221","iidependhal"
"1222","irdependinh"
"1223","iidependinh"
"1224","irdependmth"
"1225","iidependmth"
"1226","irdependpnr"
"1227","iidependpnr"
"1228","irdependtrq"
"1229","iidependtrq"
"1230","irdependstm"
"1231","iidependstm"
"1232","irdependsed"
"1233","iidependsed"
"1234","irabuposhal"
"1235","iiabuposhal"
"1236","irabuposinh"
"1237","iiabuposinh"
"1238","irabuposmth"
"1239","iiabuposmth"
"1240","irabupospnr"
"1241","iiabupospnr"
"1242","irabupostrq"
"1243","iiabupostrq"
"1244","irabuposstm"
"1245","iiabuposstm"
"1246","irabupossed"
"1247","iiabupossed"
"1248","ndssansp"
"1249","ndssdnsp"
"1250","ftnddnsp"
"1251","dnicnsp"
"1252","depndalc"
"1253","depndmrj"
"1254","depndcoc"
"1255","depndher"
"1256","depndpyhal"
"1257","depndpyinh"
"1258","depndpymth"
"1259","depndpypnr"
"1260","depndpytrq"
"1261","depndpystm"
"1262","depndpysed"
"1263","depndpypsy"
"1264","depndpyill"
"1265","depndpyiem"
"1266","dppyillalc"
"1267","abusealc"
"1268","abusemrj"
"1269","abusecoc"
"1270","abuseher"
"1271","abusepyhal"
"1272","abusepyinh"
"1273","abusepymth"
"1274","abusepypnr"
"1275","abusepytrq"
"1276","abusepystm"
"1277","abusepysed"
"1278","abusepypsy"
"1279","abusepyill"
"1280","abusepyiem"
"1281","abpyillalc"
"1282","abodalc"
"1283","abodmrj"
"1284","abodcoc"
"1285","abodher"
"1286","udpyhal"
"1287","udpyinh"
"1288","udpymth"
"1289","udpypnr"
"1290","udpytrq"
"1291","udpystm"
"1292","udpysed"
"1293","udpytrqsed"
"1294","udpypsy"
"1295","udpyopi"
"1296","udpyhrpnr"
"1297","udpyill"
"1298","udpyiem"
"1299","udpyilal"
"1300","udpyilaal"
"1301","dudnoaud"
"1302","audnodud"
"1303","PYUD5ALC"
"1304","PYUD5MRJ"
"1305","PYUD5COC"
"1306","PYUD5HER"
"1307","PYUD5HAL"
"1308","PYUD5INH"
"1309","PYUD5MTH"
"1310","PYUD5PNR"
"1311","PYUD5TRQ"
"1312","PYUD5STM"
"1313","PYUD5SED"
"1314","IRPYUD5ALC"
"1315","IIPYUD5ALC"
"1316","IRPYUD5MRJ"
"1317","IIPYUD5MRJ"
"1318","IRPYUD5COC"
"1319","IIPYUD5COC"
"1320","IRPYUD5HER"
"1321","IIPYUD5HER"
"1322","IRPYUD5HAL"
"1323","IIPYUD5HAL"
"1324","IRPYUD5INH"
"1325","IIPYUD5INH"
"1326","IRPYUD5MTH"
"1327","IIPYUD5MTH"
"1328","IRPYUD5PNR"
"1329","IIPYUD5PNR"
"1330","IRPYUD5TRQ"
"1331","IIPYUD5TRQ"
"1332","IRPYUD5STM"
"1333","IIPYUD5STM"
"1334","IRPYUD5SED"
"1335","IIPYUD5SED"
"1336","IRPYSEV5ALC"
"1337","IIPYSEV5ALC"
"1338","IRPYSEV5MRJ"
"1339","IIPYSEV5MRJ"
"1340","IRPYSEV5COC"
"1341","IIPYSEV5COC"
"1342","IRPYSEV5HER"
"1343","IIPYSEV5HER"
"1344","IRPYSEV5MTH"
"1345","IIPYSEV5MTH"
"1346","IRPYSEV5PNR"
"1347","IIPYSEV5PNR"
"1348","IRPYSEV5TRQ"
"1349","IIPYSEV5TRQ"
"1350","IRPYSEV5STM"
"1351","IIPYSEV5STM"
"1352","UDYR5TRQSD"
"1353","UDYR5PSY"
"1354","UDYR5OPI"
"1355","UDYR5HRPNR"
"1356","UDYR5CNS"
"1357","UDYR5ILL"
"1358","UDYR5IEM"
"1359","UDYR5ILAL"
"1360","UDYR5ILAAL"
"1361","UD5ILLNOALC"
"1362","UD5ALCNOILL"
"1363","booked"
"1364","NOBOOKY2"
"1365","bkmvthft"
"1366","bklarcny"
"1367","bkburgl"
"1368","bksrviol"
"1369","bksmaslt"
"1370","bkrob"
"1371","bkarson"
"1372","bkdrvinf"
"1373","bkdrunk"
"1374","bkpostob"
"1375","bkdrug"
"1376","bksexnr"
"1377","bkfraud"
"1378","bkoth"
"1379","BKOTHOF2"
"1380","probaton"
"1381","parolrel"
"1382","drvinalco"
"1383","drvinmarj"
"1384","drvincocn"
"1385","drvinhern"
"1386","drvinhall"
"1387","drvininhl"
"1388","drvinmeth"
"1389","drvinalon"
"1390","mxmjpnlt"
"1391","DRVINALCO2"
"1392","DRVINMARJ2"
"1393","drvindrg"
"1394","drvindrotmj"
"1395","drvinaldrg"
"1396","parol"
"1397","prob"
"1398","mrjyrbfr"
"1399","mrjaglst"
"1400","mrjylu"
"1401","mrjmlu"
"1402","cigaglst"
"1403","cigylu"
"1404","cigmlu"
"1405","cigdllst"
"1406","cigdlylu"
"1407","cigdlmlu"
"1408","smkaglast"
"1409","smkyrlast"
"1410","smkmolast"
"1411","cgraglst"
"1412","cigarylu"
"1413","cigarmlu"
"1414","alcaglst"
"1415","alcylu"
"1416","alcmlu"
"1417","cocaglst"
"1418","cocylu"
"1419","cocmlu"
"1420","crkaglst"
"1421","crkylu"
"1422","crkmlu"
"1423","heraglst"
"1424","herylu"
"1425","hermlu"
"1426","hallaglst"
"1427","hallyrlst"
"1428","hallmolst"
"1429","lsdaglst"
"1430","lsdylu"
"1431","lsdmlu"
"1432","pcpaglst"
"1433","pcpylu"
"1434","pcpmlu"
"1435","ecstmoagl"
"1436","ecstmoylu"
"1437","ecstmomlu"
"1438","inhlaglst"
"1439","inhlyrlst"
"1440","inhlmolst"
"1441","methaglst"
"1442","methyrlst"
"1443","methmolst"
"1444","cigyrbfr"
"1445","alcyrbfr"
"1446","cocyrbfr"
"1447","txevrrcvd"
"1448","txyrrecvd"
"1449","txyraldgb"
"1450","txyrhosov"
"1451","txyrhosad"
"1452","txyrresov"
"1453","txyrresad"
"1454","txyroutpt"
"1455","txyroutad"
"1456","txyrmhcop"
"1457","txyrmhcad"
"1458","txyremrgn"
"1459","txyremrad"
"1460","txyrdrprv"
"1461","txyrdrpad"
"1462","txyrprisn"
"1463","txyrpriad"
"1464","txyrslfhp"
"1465","txyrslfad"
"1466","txyrother"
"1467","TXYROTHSP2"
"1468","txyrothad"
"1469","txyrerdrg"
"1470","TXYRERNUM2"
"1471","txcurrent"
"1472","ndtxyradg"
"1473","ndmortxyr"
"1474","ndmortalc"
"1475","ndmortmrj"
"1476","ndmortcoc"
"1477","ndmorther"
"1478","ndmorthal"
"1479","ndmortinh"
"1480","ndmortmth"
"1481","ndmortpnr"
"1482","ndmorttrq"
"1483","ndmortstm"
"1484","ndmortsed"
"1485","ndmortoth"
"1486","ndtxyralc"
"1487","ndtxyrmrj"
"1488","ndtxyrcoc"
"1489","ndtxyrher"
"1490","ndtxyrhal"
"1491","ndtxyrinh"
"1492","ndtxyrmth"
"1493","ndtxyrpnr"
"1494","ndtxyrtrq"
"1495","ndtxyrstm"
"1496","ndtxyrsed"
"1497","ndtxyroth"
"1498","NDTXYOTH1"
"1499","NDTXYOTH2"
"1500","NDTXYOTH3"
"1501","NDTXYOTH4"
"1502","NDTXYOTH5"
"1503","ndtxeffrt"
"1504","ndtxnocov"
"1505","ndtxnotpy"
"1506","ndtxtsphr"
"1507","ndtxwantd"
"1508","ndtxnstop"
"1509","ndtxpfull"
"1510","ndtxdkwhr"
"1511","ndtxnbrng"
"1512","ndtxjobng"
"1513","ndtxnoned"
"1514","ndtxhandl"
"1515","ndtxnohlp"
"1516","ndtxntime"
"1517","ndtxfndou"
"1518","ndtxotrsn"
"1519","ndtxmimpt"
"1520","ndmreffrt"
"1521","ndmrnocov"
"1522","ndmrnotpy"
"1523","ndmrtsphr"
"1524","ndmrwantd"
"1525","ndmrnstop"
"1526","ndmrpfull"
"1527","ndmrdkwhr"
"1528","ndmrnbrng"
"1529","ndmrjobng"
"1530","ndmrnoned"
"1531","ndmrhandl"
"1532","ndmrnohlp"
"1533","ndmrntime"
"1534","ndmrfndou"
"1535","ndmrotrsn"
"1536","ndmrmimpt"
"1537","txrcvdrec"
"1538","TXLTYMNPL2"
"1539","txltyalco"
"1540","txltymrjh"
"1541","txltycocn"
"1542","txltyhern"
"1543","txltyhall"
"1544","txltyinhl"
"1545","txltymeth"
"1546","txltypnrl"
"1547","txltytrql"
"1548","txltystim"
"1549","txltysedv"
"1550","txltyothr"
"1551","TXLTYMAIN2"
"1552","TXLTYOCOM2"
"1553","TXLTYDAYS2"
"1554","txpayhins"
"1555","txpaymcre"
"1556","txpaymcad"
"1557","txpaypubl"
"1558","txpaysvng"
"1559","txpayfaml"
"1560","txpaycour"
"1561","txpaymilt"
"1562","txpayboss"
"1563","txpayothr"
"1564","TXPAYOTSP2"
"1565","txpayfree"
"1566","txenrloct"
"1567","txyrondtx"
"1568","txalconly"
"1569","txalconag"
"1570","txdrgonly"
"1571","txdrgonag"
"1572","txalcdrgu"
"1573","txalcdage"
"1574","txdrgalcu"
"1575","txdrgaage"
"1576","txyalonag"
"1577","txyalodrg"
"1578","txyalodag"
"1579","txydronag"
"1580","txydroalc"
"1581","txydroaag"
"1582","txyaldaag"
"1583","txyalddag"
"1584","txfgalage"
"1585","txfgdgage"
"1586","txfgadage"
"1587","txshgwent"
"1588","txshgaldb"
"1589","txshgflag"
"1590","TXEVRRCVD2"
"1591","txyralc"
"1592","txyrill"
"1593","txyralnil"
"1594","txyrilnal"
"1595","TXYRRECVD2"
"1596","txyrilanal"
"1597","TXLTYALCO2"
"1598","TXLTYMRJH2"
"1599","TXLTYCOCN2"
"1600","TXLTYHERN2"
"1601","TXLTYHALL2"
"1602","TXLTYINHL2"
"1603","TXLTYMETH2"
"1604","TXLTYPNRL2"
"1605","TXLTYTRQL2"
"1606","TXLTYSTIM2"
"1607","TXLTYSEDV2"
"1608","txltyill"
"1609","TXPAYHINS2"
"1610","TXPAYMCRE2"
"1611","TXPAYMCAD2"
"1612","TXPAYPUBL2"
"1613","TXPAYSVNG2"
"1614","TXPAYFAML2"
"1615","TXPAYCOUR2"
"1616","TXPAYMILT2"
"1617","TXPAYBOSS2"
"1618","txpdhinsal"
"1619","txpdmcreal"
"1620","txpdmcadal"
"1621","txpdpublal"
"1622","txpdsvngal"
"1623","txpdfamlal"
"1624","txpdcoural"
"1625","txpdmiltal"
"1626","txpdbossal"
"1627","txpdhinsil"
"1628","txpdmcreil"
"1629","txpdmcadil"
"1630","txpdpublil"
"1631","txpdsvngil"
"1632","txpdfamlil"
"1633","txpdcouril"
"1634","txpdmiltil"
"1635","txpdbossil"
"1636","txyrspalc"
"1637","txyrspill"
"1638","txyspalnil"
"1639","txyspilnal"
"1640","txyrspilal"
"1641","txysilanal"
"1642","txltcurrsp"
"1643","txyrhosal"
"1644","txyrresal"
"1645","txyroutal"
"1646","txyrmhcal"
"1647","txyremral"
"1648","txyrdrpal"
"1649","txyrprial"
"1650","txyrslfal"
"1651","txyrhosil"
"1652","txyrresil"
"1653","txyroutil"
"1654","txyrmhcil"
"1655","txyremril"
"1656","txyrdrpil"
"1657","txyrpriil"
"1658","txyrslfil"
"1659","TXYRHOSOV2"
"1660","TXYRRESOV2"
"1661","TXYROUTPT2"
"1662","TXYRMHCOP2"
"1663","TXYREMRGN2"
"1664","TXYRDRPRV2"
"1665","TXYRPRISN2"
"1666","TXYRSLFHP2"
"1667","txyrndalc"
"1668","TXND5YRALC"
"1669","txyrndill"
"1670","TXND5YRILL"
"1671","txyrndilal"
"1672","TXND5YRILAL"
"1673","ndfltxalc"
"1674","ndfltxill"
"1675","ndfltxilal"
"1676","ndtxeftalc"
"1677","ndtxeftill"
"1678","ndtxefilal"
"1679","txyrnospal"
"1680","NOSPT5YRAL"
"1681","txyrnospil"
"1682","NOSPT5YRIL"
"1683","txynspilal"
"1684","NSPT5YRILAL"
"1685","ndtrnnocov"
"1686","ndtrnnotpy"
"1687","ndtrntsphr"
"1688","ndtrnwantd"
"1689","ndtrnnstop"
"1690","ndtrnpfull"
"1691","ndtrndkwhr"
"1692","ndtrnnbrng"
"1693","ndtrnjobng"
"1694","ndtrnnoned"
"1695","ndtrnhandl"
"1696","ndtrnnohlp"
"1697","ndtrnntime"
"1698","ndtrnfndou"
"1699","ndtrnmimpt"
"1700","pregnant"
"1701","htanswer"
"1702","HTINCHE2"
"1703","wtanswer"
"1704","WTPOUND2"
"1705","NMERTMT2"
"1706","inhospyr"
"1707","NMNGTHS2"
"1708","NMVSOPT2"
"1709","nmvsoest"
"1710","hpusetob"
"1711","hpusealc"
"1712","hpusedrg"
"1713","hpqttob"
"1714","hpalcamt"
"1715","hpalcfrq"
"1716","hpalcprb"
"1717","hpalccut"
"1718","hpalctx"
"1719","hpalcnot"
"1720","hpdrgtalk"
"1721","stdanyyr"
"1722","hrtcondev"
"1723","diabetevr"
"1724","copdever"
"1725","cirrosevr"
"1726","hepbcever"
"1727","kidnydsev"
"1728","asthmaevr"
"1729","hivaidsev"
"1730","cancerevr"
"1731","highbpevr"
"1732","nonabovev"
"1733","cabladder"
"1734","cabloleulym"
"1735","CAOTHER2"
"1736","cabreast"
"1737","cacervix"
"1738","cacolnrect"
"1739","caesopstom"
"1740","cagallivpan"
"1741","cakidney"
"1742","calarylung"
"1743","camelanom"
"1744","camoutthro"
"1745","caovary"
"1746","caprostest"
"1747","caskinoth"
"1748","caskindk"
"1749","cathyroid"
"1750","cauterus"
"1751","canceryr"
"1752","hrtcondag"
"1753","hrtcondyr"
"1754","diabeteag"
"1755","copdage"
"1756","cirrosage"
"1757","hepbcage"
"1758","kidnydsag"
"1759","asthmaage"
"1760","asthmanow"
"1761","hivaidsag"
"1762","highbpmed"
"1763","highbpage"
"1764","preg"
"1765","PREG2"
"1766","trimest"
"1767","BMI2"
"1768","auinpyr"
"1769","auinpsyh"
"1770","auinpgen"
"1771","auinmedu"
"1772","auinahsp"
"1773","auinresd"
"1774","auinsfac"
"1775","AUNMPSY2"
"1776","AUNMPGE2"
"1777","AUNMMED2"
"1778","AUNMAHS2"
"1779","AUNMRES2"
"1780","AUNMSFA2"
"1781","aupinslf"
"1782","aupinofm"
"1783","aupinphi"
"1784","aupinmcr"
"1785","aupinmcd"
"1786","aupinreh"
"1787","aupinemp"
"1788","aupinmil"
"1789","aupinpub"
"1790","aupinprv"
"1791","aupinfre"
"1792","AUPINFM2"
"1793","auoptyr"
"1794","auopment"
"1795","auopther"
"1796","auopdoc"
"1797","auopclnc"
"1798","auopdtmt"
"1799","auopotop"
"1800","AUOPYRS2"
"1801","AUNMMEN2"
"1802","AUNMTHE2"
"1803","AUNMDOC2"
"1804","AUNMCLN2"
"1805","AUNMDTM2"
"1806","AUNMOTO2"
"1807","aupopslf"
"1808","aupopofm"
"1809","aupopphi"
"1810","aupopmcr"
"1811","aupopmcd"
"1812","aupopreh"
"1813","aupopemp"
"1814","aupopmil"
"1815","aupoppub"
"1816","aupopprv"
"1817","aupopfre"
"1818","aupopmos"
"1819","aupopamt"
"1820","aurxyr"
"1821","auunmtyr"
"1822","auuncost"
"1823","auunnbr"
"1824","auunjob"
"1825","auunncov"
"1826","auunenuf"
"1827","auunwher"
"1828","auuncfid"
"1829","auuncmit"
"1830","auunnond"
"1831","auunhndl"
"1832","auunnhlp"
"1833","auunbusy"
"1834","auunfout"
"1835","auunntsp"
"1836","auunsor"
"1837","AUUNRIM2"
"1838","aualtyr"
"1839","aualacup"
"1840","aualchir"
"1841","aualherb"
"1842","aualsgrp"
"1843","aualinet"
"1844","aualrelg"
"1845","aualhlin"
"1846","aualmasg"
"1847","aualoth"
"1848","AUALOTS2"
"1849","aumotvyr"
"1850","AMHINP2"
"1851","AMHOUTP3"
"1852","AMHRX2"
"1853","AMHTXRC3"
"1854","amhsvtyp"
"1855","AMHTXND2"
"1856","amhtxand"
"1857","MHLMNT3"
"1858","MHLTHER3"
"1859","MHLDOC3"
"1860","MHLCLNC3"
"1861","MHLDTMT3"
"1862","MHLSCHL3"
"1863","MHLOTH3"
"1864","MHPDSLF2"
"1865","MHPDOFM2"
"1866","MHPDPHI2"
"1867","MHPDMCR2"
"1868","MHPDMCD2"
"1869","MHPDREH2"
"1870","MHPDEMP2"
"1871","MHPDMIL2"
"1872","MHPDPUB2"
"1873","MHPDPRV2"
"1874","MHPDFRE2"
"1875","MHRCOST2"
"1876","MHRNBRS2"
"1877","MHRJOBS2"
"1878","MHRNCOV2"
"1879","MHRENUF2"
"1880","MHRWHER2"
"1881","MHRCFID2"
"1882","MHRCMIT2"
"1883","MHRNOND2"
"1884","MHRHAND2"
"1885","MHRNOHP2"
"1886","MHRTIME2"
"1887","MHRFOUT2"
"1888","MHRTRAN2"
"1889","MHRSOTH2"
"1890","rcvmhosptx"
"1891","rcvmhnsptx"
"1892","rcvsptxnmh"
"1893","rcvmhasptx"
"1894","snysell"
"1895","snystole"
"1896","snyattak"
"1897","snfamjev"
"1898","snrlgsvc"
"1899","snrlgimp"
"1900","snrldcsn"
"1901","snrlfrnd"
"1902","yeatndyr"
"1903","yehmslyr"
"1904","yeschflt"
"1905","yeschwrk"
"1906","yeschimp"
"1907","yeschint"
"1908","yetcgjob"
"1909","yelstgrd"
"1910","yestscig"
"1911","yestsmj"
"1912","yestsalc"
"1913","yestsdnk"
"1914","yepchkhw"
"1915","yephlphw"
"1916","yepchore"
"1917","yeplmttv"
"1918","yeplmtsn"
"1919","yepgdjob"
"1920","yepproud"
"1921","yeyargup"
"1922","yeyfgtsw"
"1923","yeyfgtgp"
"1924","yeyhgun"
"1925","yeysell"
"1926","yeystole"
"1927","yeyattak"
"1928","yeppkcig"
"1929","yepmjevr"
"1930","yepmjmo"
"1931","yepaldly"
"1932","yegpkcig"
"1933","yegmjevr"
"1934","yegmjmo"
"1935","yegaldly"
"1936","yefpkcig"
"1937","yefmjevr"
"1938","yefmjmo"
"1939","yefaldly"
"1940","yetlknon"
"1941","yetlkpar"
"1942","yetlkbgf"
"1943","yetlkota"
"1944","yetlksop"
"1945","yeprtdng"
"1946","yeprbslv"
"1947","yevioprv"
"1948","yedgprgp"
"1949","yeslfhlp"
"1950","yeprgstd"
"1951","yeschact"
"1952","yecomact"
"1953","yefaiact"
"1954","yeothact"
"1955","yedeclas"
"1956","yederglr"
"1957","yedespcl"
"1958","yepvntyr"
"1959","yerlgsvc"
"1960","yerlgimp"
"1961","yerldcsn"
"1962","yerlfrnd"
"1963","schfelt"
"1964","tchgjob"
"1965","avggrade"
"1966","stndscig"
"1967","stndsmj"
"1968","stndalc"
"1969","stnddnk"
"1970","parchkhw"
"1971","parhlphw"
"1972","PRCHORE2"
"1973","PRLMTTV2"
"1974","parlmtsn"
"1975","PRGDJOB2"
"1976","PRPROUD2"
"1977","argupar"
"1978","YOFIGHT2"
"1979","YOGRPFT2"
"1980","YOHGUN2"
"1981","YOSELL2"
"1982","YOSTOLE2"
"1983","YOATTAK2"
"1984","PRPKCIG2"
"1985","PRMJEVR2"
"1986","prmjmo"
"1987","PRALDLY2"
"1988","YFLPKCG2"
"1989","YFLTMRJ2"
"1990","yflmjmo"
"1991","YFLADLY2"
"1992","FRDPCIG2"
"1993","FRDMEVR2"
"1994","frdmjmon"
"1995","FRDADLY2"
"1996","talkprob"
"1997","PRTALK3"
"1998","PRBSOLV2"
"1999","PREVIOL2"
"2000","PRVDRGO2"
"2001","GRPCNSL2"
"2002","PREGPGM2"
"2003","YTHACT2"
"2004","DRPRVME3"
"2005","ANYEDUC3"
"2006","rlgattd"
"2007","rlgimpt"
"2008","rlgdcsn"
"2009","rlgfrnd"
"2010","DSTNRV30"
"2011","DSTHOP30"
"2012","DSTRST30"
"2013","DSTCHR30"
"2014","DSTEFF30"
"2015","DSTNGD30"
"2016","dstworst"
"2017","DSTNRV12"
"2018","DSTHOP12"
"2019","DSTRST12"
"2020","DSTCHR12"
"2021","DSTEFF12"
"2022","DSTNGD12"
"2023","impremem"
"2024","impconcn"
"2025","impgout"
"2026","impgoutm"
"2027","imppeop"
"2028","imppeopm"
"2029","impsoc"
"2030","impsocm"
"2031","imphhld"
"2032","imphhldm"
"2033","impresp"
"2034","imprespm"
"2035","impwork"
"2036","impweeks"
"2037","impdyfrq"
"2038","impydays"
"2039","suicthnk"
"2040","K6SCMON"
"2041","spdmon"
"2042","K6SCYR"
"2043","K6SCMAX"
"2044","spdyr"
"2045","mhsuithk"
"2046","MHSUTK_U"
"2047","mhsuipln"
"2048","mhsuitry"
"2049","WSPDSC2"
"2050","WHODASC2"
"2051","WHODASC3"
"2052","SMIPP_U"
"2053","SMIYR_U"
"2054","AMIYR_U"
"2055","SMMIYR_U"
"2056","MMIYR_U"
"2057","LMIYR_U"
"2058","lmmiyru"
"2059","MI_CAT_U"
"2060","smisudpy"
"2061","SMISUD5YR"
"2062","amisudpy"
"2063","AMISUD5YR"
"2064","lmmisudpy"
"2065","LMMISUD5YR"
"2066","SMIORSUD5"
"2067","SMISUD5ONL"
"2068","AMIORSUD5"
"2069","AMISUD5ONL"
"2070","addprev"
"2071","addscev"
"2072","adlosev"
"2073","addpdisc"
"2074","addplsin"
"2075","addslsin"
"2076","ADLSI2WK"
"2077","ADDPR2WK"
"2078","adwrhrs"
"2079","adwrdst"
"2080","adwrchr"
"2081","adwrimp"
"2082","addpprob"
"2083","adwrprob"
"2084","adwrage"
"2085","adwrdepr"
"2086","adwrdisc"
"2087","adwrlsin"
"2088","adwrplsr"
"2089","adwreles"
"2090","adwremor"
"2091","adwrgain"
"2092","adwrgrow"
"2093","adwrpreg"
"2094","ADWRGNL2"
"2095","adwrlose"
"2096","adwrdiet"
"2097","ADWRLSL2"
"2098","adwrslep"
"2099","adwrsmor"
"2100","adwrenrg"
"2101","adwrslow"
"2102","adwrslno"
"2103","adwrjitt"
"2104","adwrjino"
"2105","adwrthot"
"2106","adwrconc"
"2107","adwrdcsn"
"2108","adwrnogd"
"2109","adwrwrth"
"2110","adwrdlot"
"2111","adwrdbtr"
"2112","adwrsthk"
"2113","adwrspln"
"2114","adwrsatp"
"2115","AD_MDEA1"
"2116","AD_MDEA2"
"2117","AD_MDEA3"
"2118","AD_MDEA4"
"2119","AD_MDEA5"
"2120","AD_MDEA6"
"2121","AD_MDEA7"
"2122","AD_MDEA8"
"2123","AD_MDEA9"
"2124","adsmmdea"
"2125","adpbintf"
"2126","adpbdlya"
"2127","adpbrmbr"
"2128","adpbage"
"2129","adpbnum"
"2130","ADPB2WK"
"2131","adpshmgt"
"2132","adpswork"
"2133","adpsrels"
"2134","adpssoc"
"2135","adpsdays"
"2136","adseedoc"
"2137","adfamdoc"
"2138","adothdoc"
"2139","adpsych"
"2140","adpsymd"
"2141","adsocwrk"
"2142","adcouns"
"2143","adothmhp"
"2144","adnurse"
"2145","adrelig"
"2146","adherbal"
"2147","adothhlp"
"2148","adtmtnow"
"2149","ADRX12MO"
"2150","adrxnow"
"2151","adrxhlp"
"2152","adtmthlp"
"2153","amdelt"
"2154","amdeyr"
"2155","AMDEY2_U"
"2156","atxmdeyr"
"2157","arxmdeyr"
"2158","amdetxrx"
"2159","adocmde"
"2160","aomdmde"
"2161","APSY1MDE"
"2162","APSY2MDE"
"2163","asocmde"
"2164","acounmde"
"2165","aomhmde"
"2166","anursmde"
"2167","arelmde"
"2168","ahbchmde"
"2169","aothmde"
"2170","ahltmde"
"2171","aaltmde"
"2172","ASDSHOM2"
"2173","ASDSWRK2"
"2174","ASDSREL2"
"2175","ASDSSOC2"
"2176","ASDSOVL2"
"2177","amdeimp"
"2178","yuhospyr"
"2179","YUHOSPN2"
"2180","yuhosuic"
"2181","yuhodepr"
"2182","yuhofear"
"2183","yuhobkru"
"2184","yuhoeatp"
"2185","yuhoangr"
"2186","yuhofite"
"2187","yuhofmly"
"2188","yuhofrnd"
"2189","yuhootpp"
"2190","yuhoschl"
"2191","yuhosor"
"2192","yursidyr"
"2193","YURSIDN2"
"2194","yurssuic"
"2195","yursdepr"
"2196","yursfear"
"2197","yursbkru"
"2198","yurseatp"
"2199","yursangr"
"2200","yursfite"
"2201","yursfmly"
"2202","yursfrnd"
"2203","yursotpp"
"2204","yursschl"
"2205","yurssor"
"2206","yufcaryr"
"2207","YUFCARN2"
"2208","yufcsuic"
"2209","yufcdepr"
"2210","yufcfear"
"2211","yufcbkru"
"2212","yufceatp"
"2213","yufcangr"
"2214","yufcfite"
"2215","yufcfmly"
"2216","yufcfrnd"
"2217","yufcotpp"
"2218","yufcschl"
"2219","yufcsor"
"2220","yudytxyr"
"2221","YUDYTXN2"
"2222","yudysuic"
"2223","yudydepr"
"2224","yudyfear"
"2225","yudybkru"
"2226","yudyeatp"
"2227","yudyangr"
"2228","yudyfite"
"2229","yudyfmly"
"2230","yudyfrnd"
"2231","yudyotpp"
"2232","yudyschl"
"2233","yudysor"
"2234","yumhcryr"
"2235","YUMHCRN2"
"2236","yumhsuic"
"2237","yumhdepr"
"2238","yumhfear"
"2239","yumhbkru"
"2240","yumheatp"
"2241","yumhangr"
"2242","yumhfite"
"2243","yumhfmly"
"2244","yumhfrnd"
"2245","yumhotpp"
"2246","yumhschl"
"2247","yumhsor"
"2248","yutpstyr"
"2249","YUTPSTN2"
"2250","yutpsuic"
"2251","yutpdepr"
"2252","yutpfear"
"2253","yutpbkru"
"2254","yutpeatp"
"2255","yutpangr"
"2256","yutpfite"
"2257","yutpfmly"
"2258","yutpfrnd"
"2259","yutpotpp"
"2260","yutpschl"
"2261","yutpsor"
"2262","yuihtpyr"
"2263","YUIHTPN2"
"2264","yuihsuic"
"2265","yuihdepr"
"2266","yuihfear"
"2267","yuihbkru"
"2268","yuiheatp"
"2269","yuihangr"
"2270","yuihfite"
"2271","yuihfmly"
"2272","yuihfrnd"
"2273","yuihotpp"
"2274","yuihschl"
"2275","yuihsor"
"2276","yufdocyr"
"2277","YUFDOCN2"
"2278","yufdsuic"
"2279","yufddepr"
"2280","yufdfear"
"2281","yufdbkru"
"2282","yufdeatp"
"2283","yufdangr"
"2284","yufdfite"
"2285","yufdfmly"
"2286","yufdfrnd"
"2287","yufdotpp"
"2288","yufdschl"
"2289","yufdsor"
"2290","yuswscyr"
"2291","yuswsuic"
"2292","yuswdepr"
"2293","yuswfear"
"2294","yuswbkru"
"2295","yusweatp"
"2296","yuswangr"
"2297","yuswfite"
"2298","yuswfmly"
"2299","yuswfrnd"
"2300","yuswotpp"
"2301","yuswschl"
"2302","yuswsor"
"2303","yuscemyr"
"2304","yuscpgyr"
"2305","yujvdton"
"2306","YUJVDTN2"
"2307","yujvdtyr"
"2308","yhosp"
"2309","yresid"
"2310","yfost"
"2311","ydaytrt"
"2312","yclin"
"2313","yther"
"2314","yhome"
"2315","yped"
"2316","yspec"
"2317","yshsw"
"2318","yjail"
"2319","ANYMHIN2"
"2320","anymhout"
"2321","ANYSMH2"
"2322","anynsmh"
"2323","ANYMHED2"
"2324","anysedmf"
"2325","hospvst"
"2326","residvst"
"2327","fostvst"
"2328","dytxvst"
"2329","clinvst"
"2330","thervst"
"2331","homevst"
"2332","SPINVST2"
"2333","spoutvst"
"2334","SMHVST2"
"2335","SIMHSUI2"
"2336","SIMHDPR2"
"2337","SIMHFEA2"
"2338","SIMHBRK2"
"2339","SIMHEAT2"
"2340","SIMHANG2"
"2341","SIMHFIT2"
"2342","SIMHFML2"
"2343","SIMHFRD2"
"2344","SIMHOTP2"
"2345","SIMHSCH2"
"2346","SIMHMEN2"
"2347","SIMHOTH3"
"2348","somhsui"
"2349","somhdpr"
"2350","somhfea"
"2351","somhbrk"
"2352","somheat"
"2353","somhangr"
"2354","somhfite"
"2355","somhfmly"
"2356","somhfrnd"
"2357","somhotpp"
"2358","somhschl"
"2359","somhmend"
"2360","SOMHOTH2"
"2361","SMHSUI2"
"2362","SMHDPR2"
"2363","SMHFEA2"
"2364","SMHBRK2"
"2365","SMHEAT2"
"2366","SMHANGR2"
"2367","SMHFITE2"
"2368","SMHFMLY2"
"2369","SMHFRND2"
"2370","SMHOTPP2"
"2371","SMHSCHL2"
"2372","SMHMEND2"
"2373","SMHOTH3"
"2374","shswsui"
"2375","shswdpr"
"2376","shswfea"
"2377","shswbrk"
"2378","shsweat"
"2379","shswangr"
"2380","shswfite"
"2381","shswfmly"
"2382","shswfrnd"
"2383","shswotpp"
"2384","shswschl"
"2385","shswmend"
"2386","SHSWOTH2"
"2387","fdocsui"
"2388","fdocdpr"
"2389","fdocfea"
"2390","fdocbrk"
"2391","fdoceat"
"2392","fdocangr"
"2393","fdocfite"
"2394","fdocfmly"
"2395","fdocfrnd"
"2396","fdocotpp"
"2397","fdocschl"
"2398","fdocmend"
"2399","FDOCOTH2"
"2400","ymhosptx"
"2401","ymhnsptx"
"2402","ysptxnmh"
"2403","ymhasptx"
"2404","yodprev"
"2405","yodscev"
"2406","yolosev"
"2407","yodpdisc"
"2408","yodplsin"
"2409","yodslsin"
"2410","YOLSI2WK"
"2411","YODPR2WK"
"2412","yowrhrs"
"2413","yowrdst"
"2414","yowrchr"
"2415","yowrimp"
"2416","yodpprob"
"2417","yowrprob"
"2418","yowrage"
"2419","yowrdepr"
"2420","yowrdisc"
"2421","yowrlsin"
"2422","yowrplsr"
"2423","yowreles"
"2424","yowremor"
"2425","yowrgain"
"2426","yowrgrow"
"2427","yowrpreg"
"2428","YOWRGNL2"
"2429","yowrlose"
"2430","yowrdiet"
"2431","YOWRLSL2"
"2432","yowrslep"
"2433","yowrsmor"
"2434","yowrenrg"
"2435","yowrslow"
"2436","yowrslno"
"2437","yowrjitt"
"2438","yowrjino"
"2439","yowrthot"
"2440","yowrconc"
"2441","yowrdcsn"
"2442","yowrnogd"
"2443","yowrwrth"
"2444","yowrdlot"
"2445","yowrdbtr"
"2446","yowrsthk"
"2447","yowrspln"
"2448","yowrsatp"
"2449","YO_MDEA1"
"2450","YO_MDEA2"
"2451","YO_MDEA3"
"2452","YO_MDEA4"
"2453","YO_MDEA5"
"2454","YO_MDEA6"
"2455","YO_MDEA7"
"2456","YO_MDEA8"
"2457","YO_MDEA9"
"2458","yodsmmde"
"2459","yopbintf"
"2460","yopbdlya"
"2461","yopbrmbr"
"2462","yopbage"
"2463","yopbnum"
"2464","YOPB2WK"
"2465","yopshmgt"
"2466","yopswork"
"2467","yopsrels"
"2468","yopssoc"
"2469","yopsdays"
"2470","yoseedoc"
"2471","yofamdoc"
"2472","yoothdoc"
"2473","yopsych"
"2474","yopsymd"
"2475","yosocwrk"
"2476","yocouns"
"2477","yoothmhp"
"2478","yonurse"
"2479","yorelig"
"2480","yoherbal"
"2481","yoothhlp"
"2482","yotmtnow"
"2483","YORX12MO"
"2484","yorxnow"
"2485","yorxhlp"
"2486","yotmthlp"
"2487","ymdelt"
"2488","ymdeyr"
"2489","ymdeaudpy"
"2490","YMDEAUD5YR"
"2491","ymdeiudpy"
"2492","YMDEIUD5YR"
"2493","ymdeudpy"
"2494","YMDESUD5YR"
"2495","YMDEORSUD5"
"2496","YMDESUD5ONL"
"2497","ytxmdeyr"
"2498","yrxmdeyr"
"2499","ymdetxrx"
"2500","ydocmde"
"2501","yomdmde"
"2502","YPSY1MDE"
"2503","YPSY2MDE"
"2504","ysocmde"
"2505","ycounmde"
"2506","yomhmde"
"2507","ynursmde"
"2508","yrelmde"
"2509","yhbchmde"
"2510","yothmde"
"2511","yhltmde"
"2512","yaltmde"
"2513","ymdehprx"
"2514","ymdehpo"
"2515","YMDERXO2"
"2516","ymdeharx"
"2517","ysdshome"
"2518","ysdswrk"
"2519","ysdsrel"
"2520","ysdssoc"
"2521","ysdsovrl"
"2522","mdeimpy"
"2523","ymdeimaud"
"2524","YMDEIMAD5YR"
"2525","ymdeimiud"
"2526","YMDEIMID5YR"
"2527","ymdeimudpy"
"2528","YMDEIMSD5YR"
"2529","cadrlast"
"2530","cadrpeop"
"2531","cadrcar"
"2532","cadrhome"
"2533","cadrothm"
"2534","cadrpubl"
"2535","cadrbar"
"2536","cadrevnt"
"2537","cadrschl"
"2538","cadroth"
"2539","CADROTS2"
"2540","cabuyfre"
"2541","cagvmony"
"2542","cabuywho"
"2543","cabplace"
"2544","cabundag"
"2545","cagvwho"
"2546","cafrewho"
"2547","CAFRESP2"
"2548","cadrkdrug"
"2549","cadrkmarj"
"2550","cadrkcocn"
"2551","cadrkhern"
"2552","cadrkhall"
"2553","cadrkinhl"
"2554","cadrkmeth"
"2555","cabingflg"
"2556","cabingevr"
"2557","cabingage"
"2558","cabingyfu"
"2559","cabingmfu"
"2560","eibingage"
"2561","eibingyfu"
"2562","eibingmfu"
"2563","casuprob"
"2564","casurcvr"
"2565","camhprob"
"2566","camhrcvr"
"2567","kratever"
"2568","kratrec"
"2569","uadpeop"
"2570","uadcar"
"2571","uadhome"
"2572","uadothm"
"2573","uadpubl"
"2574","uadbar"
"2575","uadevnt"
"2576","uadschl"
"2577","uadroth"
"2578","uadotsp"
"2579","uadpaid"
"2580","uadmony"
"2581","uadbwho"
"2582","uadplace"
"2583","uadbund"
"2584","uadcag"
"2585","uadfwho"
"2586","uadfrd"
"2587","CADRKMARJ2"
"2588","CADRKCOCN2"
"2589","CADRKHERN2"
"2590","CADRKHALL2"
"2591","CADRKINHL2"
"2592","CADRKMETH2"
"2593","vapanyevr"
"2594","vapanyrec"
"2595","vapnicevr"
"2596","vapnicrec"
"2597","synmrjevr"
"2598","synmrjrec"
"2599","synstmevr"
"2600","synstmrec"
"2601","sdalurgeed"
"2602","sdmjurgeed"
"2603","SDMJWDLA1ED"
"2604","SDMJWDLA2ED"
"2605","SDMJWDLA3ED"
"2606","SDMJWDLA4ED"
"2607","SDMJWDLA5ED"
"2608","SDMJWDLA6ED"
"2609","SDMJWDLB1ED"
"2610","SDMJWDLB2ED"
"2611","SDMJWDLB3ED"
"2612","SDMJWDLB4ED"
"2613","SDMJWDLB5ED"
"2614","SDMJWDLB6ED"
"2615","sdccurgeed"
"2616","sdheurgeed"
"2617","sdhaurgeed"
"2618","sdinurgeed"
"2619","sdmeurgeed"
"2620","sdprurgeed"
"2621","sdtrurgeed"
"2622","SDTRWITHD1ED"
"2623","SDTRWITHD2ED"
"2624","SDTRWITHD3ED"
"2625","SDTRWITHD4ED"
"2626","SDTRWITHD5ED"
"2627","SDTRWITHD6ED"
"2628","SDTRWITHD7ED"
"2629","sdsturgeed"
"2630","sdsvurgeed"
"2631","irkratrec"
"2632","iikratrec"
"2633","irvapanyrec"
"2634","iivapanyrec"
"2635","irvapnicrec"
"2636","iivapnicrec"
"2637","irsynmrjrec"
"2638","iisynmrjrec"
"2639","irsynstmrec"
"2640","iisynstmrec"
"2641","CASUPROB2"
"2642","rcvysubprb"
"2643","CAMHPROB2"
"2644","rcvymhprb"
"2645","ALMEDYR2"
"2646","OPMEDYR2"
"2647","alopmedyr"
"2648","kratomflag"
"2649","kratomyr"
"2650","kratommon"
"2651","vapanyflag"
"2652","vapanyyr"
"2653","vapanymon"
"2654","vapnicflag"
"2655","vapnicyr"
"2656","vapnicmon"
"2657","tobnvapflag"
"2658","tobnvapyr"
"2659","tobnvapmon"
"2660","tobvaponl"
"2661","tobcigvap"
"2662","synmrjflag"
"2663","synmrjyr"
"2664","synmrjmon"
"2665","synstmflag"
"2666","synstmyr"
"2667","synstmmon"
"2668","mmgetmj"
"2669","MMBTREC1"
"2670","mmbtpyr"
"2671","MMBTREC2"
"2672","MMBT30DY"
"2673","mmbtdisp"
"2674","mmbjoint"
"2675","mmbloose"
"2676","mmbother"
"2677","MMJNTNUM1"
"2678","MMJNPCTB1"
"2679","MMJNPCAT1"
"2680","MMLSUNIT1"
"2681","MMLSGMS1"
"2682","MMLS10GM1"
"2683","MMLSOZS1"
"2684","MMLSLBS1"
"2685","MMLSPCTB1"
"2686","MMLSPCAT1"
"2687","MMBUYWHO1"
"2688","MMBPLACE1"
"2689","MMBPLOSP2"
"2690","MMBATJOB1"
"2691","mmbclose"
"2692","mmbsell"
"2693","mmbgive"
"2694","mmtrade"
"2695","MMTRD30D"
"2696","mmtrdrec"
"2697","MMT30FRQ"
"2698","mmtjoint"
"2699","mmtloose"
"2700","mmtother"
"2701","MMTJNTNM1"
"2702","MMTJWRCB1"
"2703","MMTJWRTH1"
"2704","MMTLUNIT1"
"2705","MMTLGMS1"
"2706","MMTLOZS1"
"2707","MMTLWRCB1"
"2708","MMTLWRTH1"
"2709","mmtrdwho"
"2710","mmtplace"
"2711","MMTPLOS2"
"2712","mmtclose"
"2713","mmtkeep"
"2714","mmtsell"
"2715","mmtgive"
"2716","mmgkeep"
"2717","mmgsell"
"2718","mmggive"
"2719","mmfrewho"
"2720","mmfplace"
"2721","MMFPLOS2"
"2722","mmfclose"
"2723","mmfkeep"
"2724","mmfsell"
"2725","mmfgive"
"2726","langver"
"2727","GQTYPE2"
"2728","AGE2"
"2729","NOMARR2"
"2730","service"
"2731","milstat"
"2732","actdever"
"2733","ACTD2001"
"2734","ACTD9001"
"2735","ACTD7590"
"2736","actdviet"
"2737","actdpriv"
"2738","combatpy"
"2739","health"
"2740","MOVSINPYR2"
"2741","sexatract"
"2742","sexident"
"2743","speakengl"
"2744","diffhear"
"2745","diffsee"
"2746","diffthink"
"2747","diffwalk"
"2748","diffdress"
"2749","differand"
"2750","irsex"
"2751","irmarit"
"2752","iimarit"
"2753","IREDUHIGHST2"
"2754","IIEDUHIGHST2"
"2755","catage"
"2756","CATAG2"
"2757","CATAG3"
"2758","CATAG6"
"2759","CATAG7"
"2760","PREGAGE2"
"2761","drvinage"
"2762","drvindetag"
"2763","sexage"
"2764","NEWRACE2"
"2765","sexrace"
"2766","eduhighcat"
"2767","HEALTH2"
"2768","eduschlgo"
"2769","EDUSCHGRD2"
"2770","edufulpar"
"2771","edusckmon"
"2772","edusckest"
"2773","edusckcom"
"2774","eduskpmon"
"2775","eduskpest"
"2776","eduskpcom"
"2777","miltfamly"
"2778","miltsppar"
"2779","miltparnt"
"2780","miltchldr"
"2781","miltsibln"
"2782","collenrlft"
"2783","collenrlst"
"2784","WRKSTATWK2"
"2785","wrkdpstwk"
"2786","wrkhadjob"
"2787","WRKDHRSWK2"
"2788","WRK35WKUS"
"2789","wrkrsnnot"
"2790","wrkrsnjob"
"2791","wrkeffort"
"2792","wrkdpstyr"
"2793","wrkselfem"
"2794","WRKNUMJOB2"
"2795","wrknjbpyr"
"2796","wrknjbwks"
"2797","WRKLASTYR2"
"2798","wrksickmo"
"2799","wrkskipmo"
"2800","wrkdrgpol"
"2801","wrkdrgalb"
"2802","wrkdrgedu"
"2803","wrkdrghlp"
"2804","wrktstalc"
"2805","wrktstdrg"
"2806","wrktsthir"
"2807","wrktstrdm"
"2808","WRKTST1ST"
"2809","wrkokpreh"
"2810","wrkokrand"
"2811","irwrkstat"
"2812","iiwrkstat"
"2813","II2WRKSTAT"
"2814","IRWRKSTAT18"
"2815","IIWRKSTAT18"
"2816","II2WRKST18"
"2817","EDFAM18"
"2818","imother"
"2819","ifather"
"2820","NRCH17_2"
"2821","IRHHSIZ2"
"2822","IIHHSIZ2"
"2823","IRKI17_2"
"2824","IIKI17_2"
"2825","IRHH65_2"
"2826","IIHH65_2"
"2827","prxretry"
"2828","prxydata"
"2829","medicare"
"2830","caidchip"
"2831","champus"
"2832","prvhltin"
"2833","grphltin"
"2834","hltinalc"
"2835","hltindrg"
"2836","hltinmnt"
"2837","hltinnos"
"2838","hlcnotyr"
"2839","hlcnotmo"
"2840","hlclast"
"2841","hllosrsn"
"2842","hlnvcost"
"2843","hlnvoffr"
"2844","hlnvref"
"2845","hlnvneed"
"2846","hlnvsor"
"2847","irmedicr"
"2848","iimedicr"
"2849","irmcdchp"
"2850","iimcdchp"
"2851","irchmpus"
"2852","iichmpus"
"2853","irprvhlt"
"2854","iiprvhlt"
"2855","irothhlt"
"2856","iiothhlt"
"2857","hlcallfg"
"2858","HLCALL99"
"2859","ANYHLTI2"
"2860","IRINSUR4"
"2861","IIINSUR4"
"2862","othins"
"2863","cellwrkng"
"2864","cellnotcl"
"2865","irfamsoc"
"2866","iifamsoc"
"2867","irfamssi"
"2868","iifamssi"
"2869","irfstamp"
"2870","iifstamp"
"2871","irfampmt"
"2872","iifampmt"
"2873","irfamsvc"
"2874","iifamsvc"
"2875","irwelmos"
"2876","iiwelmos"
"2877","IRPINC3"
"2878","IIPINC3"
"2879","IRFAMIN3"
"2880","IIFAMIN3"
"2881","govtprog"
"2882","income"
"2883","POVERTY3"
"2884","PDEN10"
"2885","COUTYP4"
"2886","MAIIN102"
"2887","AIIND102"
"2888","ANALWTQ1Q4_C"
"2889","VESTRQ1Q4_C"
"2890","verep"
